image_id,label
private_0001.jpg,7
private_0002.jpg,6
private_0003.jpg,6
private_0004.jpg,5
private_0005.jpg,5
private_0006.jpg,5
private_0007.jpg,2
private_0008.jpg,2
private_0009.jpg,2
private_0010.jpg,0
private_0011.jpg,1
private_0012.jpg,1
private_0013.jpg,1
private_0014.jpg,1
private_0015.jpg,1
private_0016.jpg,2
private_0017.jpg,2
private_0018.jpg,2
private_0019.jpg,7
private_0020.jpg,7
private_0021.jpg,7
private_0022.jpg,7
private_0023.jpg,7
private_0024.jpg,7
private_0025.jpg,1
private_0026.jpg,1
private_0027.jpg,1
private_0028.jpg,7
private_0029.jpg,7
private_0030.jpg,7
private_0031.jpg,7
private_0032.jpg,7
private_0033.jpg,7
private_0034.jpg,0
private_0035.jpg,0
private_0036.jpg,0
private_0037.jpg,5
private_0038.jpg,4
private_0039.jpg,4
private_0040.jpg,3
private_0041.jpg,3
private_0042.jpg,1
private_0043.jpg,3
private_0044.jpg,3
private_0045.jpg,3
private_0046.jpg,2
private_0047.jpg,2
private_0048.jpg,2
private_0049.jpg,3
private_0050.jpg,3
private_0051.jpg,3
private_0052.jpg,2
private_0053.jpg,2
private_0054.jpg,2
private_0055.jpg,6
private_0056.jpg,6
private_0057.jpg,6
private_0058.jpg,3
private_0059.jpg,6
private_0060.jpg,6
private_0061.jpg,5
private_0062.jpg,5
private_0063.jpg,3
private_0064.jpg,6
private_0065.jpg,1
private_0066.jpg,1
private_0067.jpg,7
private_0068.jpg,7
private_0069.jpg,0
private_0070.jpg,7
private_0071.jpg,7
private_0072.jpg,7
private_0073.jpg,1
private_0074.jpg,2
private_0075.jpg,2
private_0076.jpg,0
private_0077.jpg,7
private_0078.jpg,7
private_0079.jpg,4
private_0080.jpg,4
private_0081.jpg,4
private_0082.jpg,1
private_0083.jpg,1
private_0084.jpg,1
private_0085.jpg,0
private_0086.jpg,6
private_0087.jpg,6
private_0088.jpg,7
private_0089.jpg,7
private_0090.jpg,7
private_0091.jpg,6
private_0092.jpg,6
private_0093.jpg,6
private_0094.jpg,7
private_0095.jpg,7
private_0096.jpg,5
private_0097.jpg,7
private_0098.jpg,6
private_0099.jpg,6
private_0100.jpg,2
private_0101.jpg,2
private_0102.jpg,2
private_0103.jpg,4
private_0104.jpg,4
private_0105.jpg,4
private_0106.jpg,7
private_0107.jpg,7
private_0108.jpg,7
private_0109.jpg,6
private_0110.jpg,6
private_0111.jpg,6
private_0112.jpg,1
private_0113.jpg,1
private_0114.jpg,1
private_0115.jpg,0
private_0116.jpg,3
private_0117.jpg,3
private_0118.jpg,0
private_0119.jpg,0
private_0120.jpg,0
private_0121.jpg,3
private_0122.jpg,1
private_0123.jpg,3
private_0124.jpg,4
private_0125.jpg,7
private_0126.jpg,4
private_0127.jpg,7
private_0128.jpg,6
private_0129.jpg,6
private_0130.jpg,3
private_0131.jpg,1
private_0132.jpg,1
private_0133.jpg,6
private_0134.jpg,6
private_0135.jpg,6
private_0136.jpg,5
private_0137.jpg,5
private_0138.jpg,3
private_0139.jpg,5
private_0140.jpg,4
private_0141.jpg,4
private_0142.jpg,5
private_0143.jpg,5
private_0144.jpg,3
private_0145.jpg,2
private_0146.jpg,4
private_0147.jpg,4
private_0148.jpg,1
private_0149.jpg,4
private_0150.jpg,4
private_0151.jpg,3
private_0152.jpg,3
private_0153.jpg,3
private_0154.jpg,7
private_0155.jpg,2
private_0156.jpg,2
private_0157.jpg,3
private_0158.jpg,3
private_0159.jpg,3
private_0160.jpg,6
private_0161.jpg,6
private_0162.jpg,6
private_0163.jpg,7
private_0164.jpg,7
private_0165.jpg,7
private_0166.jpg,0
private_0167.jpg,0
private_0168.jpg,0
private_0169.jpg,7
private_0170.jpg,7
private_0171.jpg,7
private_0172.jpg,7
private_0173.jpg,7
private_0174.jpg,7
private_0175.jpg,1
private_0176.jpg,2
private_0177.jpg,2
private_0178.jpg,0
private_0179.jpg,2
private_0180.jpg,2
private_0181.jpg,5
private_0182.jpg,5
private_0183.jpg,5
private_0184.jpg,5
private_0185.jpg,5
private_0186.jpg,5
private_0187.jpg,6
private_0188.jpg,6
private_0189.jpg,6
private_0190.jpg,3
private_0191.jpg,0
private_0192.jpg,0
private_0193.jpg,3
private_0194.jpg,3
private_0195.jpg,3
private_0196.jpg,5
private_0197.jpg,5
private_0198.jpg,5
private_0199.jpg,6
private_0200.jpg,6
private_0201.jpg,6
private_0202.jpg,7
private_0203.jpg,4
private_0204.jpg,4
private_0205.jpg,5
private_0206.jpg,5
private_0207.jpg,0
private_0208.jpg,3
private_0209.jpg,3
private_0210.jpg,3
private_0211.jpg,1
private_0212.jpg,1
private_0213.jpg,1
private_0214.jpg,1
private_0215.jpg,1
private_0216.jpg,1
private_0217.jpg,3
private_0218.jpg,3
private_0219.jpg,3
private_0220.jpg,7
private_0221.jpg,7
private_0222.jpg,7
private_0223.jpg,6
private_0224.jpg,6
private_0225.jpg,6
private_0226.jpg,7
private_0227.jpg,7
private_0228.jpg,7
private_0229.jpg,0
private_0230.jpg,0
private_0231.jpg,0
private_0232.jpg,3
private_0233.jpg,3
private_0234.jpg,3
private_0235.jpg,6
private_0236.jpg,6
private_0237.jpg,6
private_0238.jpg,2
private_0239.jpg,2
private_0240.jpg,2
private_0241.jpg,5
private_0242.jpg,5
private_0243.jpg,5
private_0244.jpg,7
private_0245.jpg,7
private_0246.jpg,7
private_0247.jpg,6
private_0248.jpg,5
private_0249.jpg,5
private_0250.jpg,6
private_0251.jpg,6
private_0252.jpg,6
private_0253.jpg,3
private_0254.jpg,0
private_0255.jpg,0
private_0256.jpg,0
private_0257.jpg,0
private_0258.jpg,0
private_0259.jpg,7
private_0260.jpg,0
private_0261.jpg,0
private_0262.jpg,7
private_0263.jpg,7
private_0264.jpg,7
private_0265.jpg,2
private_0266.jpg,2
private_0267.jpg,2
private_0268.jpg,3
private_0269.jpg,3
private_0270.jpg,3
private_0271.jpg,7
private_0272.jpg,6
private_0273.jpg,6
private_0274.jpg,3
private_0275.jpg,3
private_0276.jpg,3
private_0277.jpg,3
private_0278.jpg,3
private_0279.jpg,1
private_0280.jpg,0
private_0281.jpg,0
private_0282.jpg,5
private_0283.jpg,2
private_0284.jpg,2
private_0285.jpg,2
private_0286.jpg,7
private_0287.jpg,7
private_0288.jpg,7
private_0289.jpg,0
private_0290.jpg,1
private_0291.jpg,3
private_0292.jpg,5
private_0293.jpg,5
private_0294.jpg,5
private_0295.jpg,3
private_0296.jpg,3
private_0297.jpg,3
private_0298.jpg,7
private_0299.jpg,7
private_0300.jpg,7
private_0301.jpg,7
private_0302.jpg,7
private_0303.jpg,7
private_0304.jpg,6
private_0305.jpg,6
private_0306.jpg,6
private_0307.jpg,0
private_0308.jpg,0
private_0309.jpg,0
private_0310.jpg,3
private_0311.jpg,1
private_0312.jpg,1
private_0313.jpg,1
private_0314.jpg,6
private_0315.jpg,4
private_0316.jpg,7
private_0317.jpg,3
private_0318.jpg,3
private_0319.jpg,3
private_0320.jpg,3
private_0321.jpg,3
private_0322.jpg,5
private_0323.jpg,1
private_0324.jpg,1
private_0325.jpg,3
private_0326.jpg,3
private_0327.jpg,3
private_0328.jpg,3
private_0329.jpg,0
private_0330.jpg,0
private_0331.jpg,4
private_0332.jpg,3
private_0333.jpg,3
private_0334.jpg,6
private_0335.jpg,1
private_0336.jpg,1
private_0337.jpg,0
private_0338.jpg,0
private_0339.jpg,5
private_0340.jpg,0
private_0341.jpg,0
private_0342.jpg,5
private_0343.jpg,7
private_0344.jpg,4
private_0345.jpg,2
private_0346.jpg,6
private_0347.jpg,6
private_0348.jpg,6
private_0349.jpg,1
private_0350.jpg,1
private_0351.jpg,1
private_0352.jpg,6
private_0353.jpg,6
private_0354.jpg,6
private_0355.jpg,5
private_0356.jpg,4
private_0357.jpg,5
private_0358.jpg,6
private_0359.jpg,2
private_0360.jpg,2
private_0361.jpg,4
private_0362.jpg,4
private_0363.jpg,4
private_0364.jpg,0
private_0365.jpg,2
private_0366.jpg,2
private_0367.jpg,4
private_0368.jpg,1
private_0369.jpg,1
private_0370.jpg,0
private_0371.jpg,0
private_0372.jpg,0
private_0373.jpg,7
private_0374.jpg,7
private_0375.jpg,7
private_0376.jpg,7
private_0377.jpg,2
private_0378.jpg,2
private_0379.jpg,7
private_0380.jpg,7
private_0381.jpg,7
private_0382.jpg,3
private_0383.jpg,3
private_0384.jpg,3
private_0385.jpg,3
private_0386.jpg,3
private_0387.jpg,3
private_0388.jpg,3
private_0389.jpg,3
private_0390.jpg,3
private_0391.jpg,7
private_0392.jpg,7
private_0393.jpg,7
private_0394.jpg,4
private_0395.jpg,4
private_0396.jpg,4
private_0397.jpg,7
private_0398.jpg,7
private_0399.jpg,7
private_0400.jpg,0
private_0401.jpg,7
private_0402.jpg,0
private_0403.jpg,6
private_0404.jpg,6
private_0405.jpg,6
private_0406.jpg,7
private_0407.jpg,7
private_0408.jpg,7
private_0409.jpg,0
private_0410.jpg,1
private_0411.jpg,1
private_0412.jpg,3
private_0413.jpg,3
private_0414.jpg,3
private_0415.jpg,1
private_0416.jpg,1
private_0417.jpg,1
private_0418.jpg,2
private_0419.jpg,2
private_0420.jpg,2
private_0421.jpg,7
private_0422.jpg,7
private_0423.jpg,7
private_0424.jpg,3
private_0425.jpg,3
private_0426.jpg,3
private_0427.jpg,6
private_0428.jpg,6
private_0429.jpg,6
private_0430.jpg,7
private_0431.jpg,1
private_0432.jpg,1
private_0433.jpg,6
private_0434.jpg,6
private_0435.jpg,6
private_0436.jpg,1
private_0437.jpg,1
private_0438.jpg,1
private_0439.jpg,3
private_0440.jpg,3
private_0441.jpg,3
private_0442.jpg,1
private_0443.jpg,1
private_0444.jpg,1
private_0445.jpg,3
private_0446.jpg,3
private_0447.jpg,3
private_0448.jpg,4
private_0449.jpg,7
private_0450.jpg,7
private_0451.jpg,1
private_0452.jpg,4
private_0453.jpg,4
private_0454.jpg,7
private_0455.jpg,7
private_0456.jpg,7
private_0457.jpg,6
private_0458.jpg,6
private_0459.jpg,6
private_0460.jpg,7
private_0461.jpg,7
private_0462.jpg,7
private_0463.jpg,4
private_0464.jpg,4
private_0465.jpg,4
private_0466.jpg,7
private_0467.jpg,1
private_0468.jpg,1
private_0469.jpg,6
private_0470.jpg,6
private_0471.jpg,6
private_0472.jpg,5
private_0473.jpg,5
private_0474.jpg,5
private_0475.jpg,5
private_0476.jpg,1
private_0477.jpg,2
private_0478.jpg,3
private_0479.jpg,3
private_0480.jpg,3
private_0481.jpg,1
private_0482.jpg,1
private_0483.jpg,1
private_0484.jpg,2
private_0485.jpg,2
private_0486.jpg,2
private_0487.jpg,0
private_0488.jpg,7
private_0489.jpg,7
private_0490.jpg,7
private_0491.jpg,7
private_0492.jpg,7
private_0493.jpg,6
private_0494.jpg,6
private_0495.jpg,6
private_0496.jpg,2
private_0497.jpg,2
private_0498.jpg,2
private_0499.jpg,7
private_0500.jpg,2
private_0501.jpg,2
private_0502.jpg,3
private_0503.jpg,3
private_0504.jpg,3
private_0505.jpg,7
private_0506.jpg,1
private_0507.jpg,1
private_0508.jpg,3
private_0509.jpg,3
private_0510.jpg,3
private_0511.jpg,2
private_0512.jpg,2
private_0513.jpg,2
private_0514.jpg,6
private_0515.jpg,6
private_0516.jpg,6
private_0517.jpg,5
private_0518.jpg,0
private_0519.jpg,3
private_0520.jpg,0
private_0521.jpg,1
private_0522.jpg,1
private_0523.jpg,5
private_0524.jpg,4
private_0525.jpg,4
private_0526.jpg,6
private_0527.jpg,6
private_0528.jpg,6
private_0529.jpg,7
private_0530.jpg,7
private_0531.jpg,7
private_0532.jpg,3
private_0533.jpg,1
private_0534.jpg,1
private_0535.jpg,7
private_0536.jpg,7
private_0537.jpg,7
private_0538.jpg,1
private_0539.jpg,1
private_0540.jpg,1
private_0541.jpg,1
private_0542.jpg,1
private_0543.jpg,1
private_0544.jpg,6
private_0545.jpg,1
private_0546.jpg,1
private_0547.jpg,6
private_0548.jpg,6
private_0549.jpg,6
private_0550.jpg,3
private_0551.jpg,1
private_0552.jpg,2
private_0553.jpg,5
private_0554.jpg,5
private_0555.jpg,5
private_0556.jpg,3
private_0557.jpg,3
private_0558.jpg,3
private_0559.jpg,3
private_0560.jpg,3
private_0561.jpg,3
private_0562.jpg,7
private_0563.jpg,7
private_0564.jpg,7
private_0565.jpg,4
private_0566.jpg,1
private_0567.jpg,2
private_0568.jpg,0
private_0569.jpg,5
private_0570.jpg,5
private_0571.jpg,6
private_0572.jpg,6
private_0573.jpg,6
private_0574.jpg,5
private_0575.jpg,5
private_0576.jpg,5
private_0577.jpg,6
private_0578.jpg,3
private_0579.jpg,3
private_0580.jpg,3
private_0581.jpg,3
private_0582.jpg,3
private_0583.jpg,4
private_0584.jpg,4
private_0585.jpg,4
private_0586.jpg,1
private_0587.jpg,4
private_0588.jpg,4
private_0589.jpg,5
private_0590.jpg,5
private_0591.jpg,5
private_0592.jpg,7
private_0593.jpg,7
private_0594.jpg,7
private_0595.jpg,5
private_0596.jpg,7
private_0597.jpg,0
private_0598.jpg,6
private_0599.jpg,6
private_0600.jpg,6
private_0601.jpg,5
private_0602.jpg,5
private_0603.jpg,5
private_0604.jpg,6
private_0605.jpg,6
private_0606.jpg,6
private_0607.jpg,0
private_0608.jpg,0
private_0609.jpg,0
private_0610.jpg,0
private_0611.jpg,0
private_0612.jpg,0
private_0613.jpg,0
private_0614.jpg,5
private_0615.jpg,0
private_0616.jpg,3
private_0617.jpg,4
private_0618.jpg,4
private_0619.jpg,3
private_0620.jpg,2
private_0621.jpg,2
private_0622.jpg,0
private_0623.jpg,0
private_0624.jpg,0
private_0625.jpg,6
private_0626.jpg,6
private_0627.jpg,6
private_0628.jpg,3
private_0629.jpg,3
private_0630.jpg,3
private_0631.jpg,3
private_0632.jpg,4
private_0633.jpg,4
private_0634.jpg,4
private_0635.jpg,4
private_0636.jpg,5
private_0637.jpg,7
private_0638.jpg,3
private_0639.jpg,3
private_0640.jpg,3
private_0641.jpg,2
private_0642.jpg,2
private_0643.jpg,1
private_0644.jpg,1
private_0645.jpg,1
private_0646.jpg,3
private_0647.jpg,3
private_0648.jpg,3
private_0649.jpg,0
private_0650.jpg,0
private_0651.jpg,0
private_0652.jpg,0
private_0653.jpg,1
private_0654.jpg,1
private_0655.jpg,5
private_0656.jpg,5
private_0657.jpg,5
private_0658.jpg,3
private_0659.jpg,7
private_0660.jpg,7
private_0661.jpg,7
private_0662.jpg,2
private_0663.jpg,6
private_0664.jpg,3
private_0665.jpg,6
private_0666.jpg,6
private_0667.jpg,7
private_0668.jpg,6
private_0669.jpg,4
private_0670.jpg,4
private_0671.jpg,4
private_0672.jpg,4
private_0673.jpg,1
private_0674.jpg,1
private_0675.jpg,1
private_0676.jpg,1
private_0677.jpg,1
private_0678.jpg,1
private_0679.jpg,5
private_0680.jpg,6
private_0681.jpg,6
private_0682.jpg,3
private_0683.jpg,3
private_0684.jpg,3
private_0685.jpg,7
private_0686.jpg,4
private_0687.jpg,4
private_0688.jpg,7
private_0689.jpg,7
private_0690.jpg,7
private_0691.jpg,7
private_0692.jpg,3
private_0693.jpg,3
private_0694.jpg,6
private_0695.jpg,6
private_0696.jpg,6
private_0697.jpg,4
private_0698.jpg,5
private_0699.jpg,5
private_0700.jpg,5
private_0701.jpg,5
private_0702.jpg,5
private_0703.jpg,4
private_0704.jpg,4
private_0705.jpg,4
private_0706.jpg,0
private_0707.jpg,4
private_0708.jpg,4
private_0709.jpg,0
private_0710.jpg,0
private_0711.jpg,0
private_0712.jpg,1
private_0713.jpg,1
private_0714.jpg,1
private_0715.jpg,6
private_0716.jpg,1
private_0717.jpg,1
private_0718.jpg,3
private_0719.jpg,1
private_0720.jpg,1
private_0721.jpg,4
private_0722.jpg,4
private_0723.jpg,4
private_0724.jpg,3
private_0725.jpg,3
private_0726.jpg,3
private_0727.jpg,7
private_0728.jpg,4
private_0729.jpg,0
private_0730.jpg,1
private_0731.jpg,1
private_0732.jpg,1
private_0733.jpg,6
private_0734.jpg,6
private_0735.jpg,6
private_0736.jpg,0
private_0737.jpg,0
private_0738.jpg,0
private_0739.jpg,6
private_0740.jpg,4
private_0741.jpg,4
private_0742.jpg,3
private_0743.jpg,3
private_0744.jpg,3
private_0745.jpg,3
private_0746.jpg,1
private_0747.jpg,1
private_0748.jpg,3
private_0749.jpg,0
private_0750.jpg,0
private_0751.jpg,0
private_0752.jpg,0
private_0753.jpg,0
private_0754.jpg,7
private_0755.jpg,7
private_0756.jpg,7
private_0757.jpg,6
private_0758.jpg,3
private_0759.jpg,3
private_0760.jpg,1
private_0761.jpg,2
private_0762.jpg,2
private_0763.jpg,3
private_0764.jpg,3
private_0765.jpg,3
private_0766.jpg,0
private_0767.jpg,4
private_0768.jpg,4
private_0769.jpg,7
private_0770.jpg,7
private_0771.jpg,7
private_0772.jpg,3
private_0773.jpg,3
private_0774.jpg,3
private_0775.jpg,7
private_0776.jpg,6
private_0777.jpg,6
private_0778.jpg,2
private_0779.jpg,3
private_0780.jpg,6
private_0781.jpg,0
private_0782.jpg,0
private_0783.jpg,0
private_0784.jpg,0
private_0785.jpg,3
private_0786.jpg,5
private_0787.jpg,4
private_0788.jpg,4
private_0789.jpg,4
private_0790.jpg,6
private_0791.jpg,6
private_0792.jpg,6
private_0793.jpg,1
private_0794.jpg,1
private_0795.jpg,1
private_0796.jpg,4
private_0797.jpg,3
private_0798.jpg,1
private_0799.jpg,4
private_0800.jpg,4
private_0801.jpg,4
private_0802.jpg,7
private_0803.jpg,6
private_0804.jpg,6
private_0805.jpg,1
private_0806.jpg,1
private_0807.jpg,1
private_0808.jpg,6
private_0809.jpg,6
private_0810.jpg,6
private_0811.jpg,7
private_0812.jpg,7
private_0813.jpg,7
private_0814.jpg,1
private_0815.jpg,1
private_0816.jpg,1
private_0817.jpg,3
private_0818.jpg,1
private_0819.jpg,1
private_0820.jpg,6
private_0821.jpg,6
private_0822.jpg,6
private_0823.jpg,7
private_0824.jpg,7
private_0825.jpg,7
private_0826.jpg,0
private_0827.jpg,1
private_0828.jpg,1
private_0829.jpg,5
private_0830.jpg,2
private_0831.jpg,2
private_0832.jpg,7
private_0833.jpg,5
private_0834.jpg,5
private_0835.jpg,1
private_0836.jpg,4
private_0837.jpg,4
private_0838.jpg,7
private_0839.jpg,7
private_0840.jpg,7
private_0841.jpg,3
private_0842.jpg,3
private_0843.jpg,3
private_0844.jpg,4
private_0845.jpg,4
private_0846.jpg,5
private_0847.jpg,7
private_0848.jpg,4
private_0849.jpg,4
private_0850.jpg,7
private_0851.jpg,7
private_0852.jpg,7
private_0853.jpg,7
private_0854.jpg,7
private_0855.jpg,7
private_0856.jpg,6
private_0857.jpg,6
private_0858.jpg,6
private_0859.jpg,1
private_0860.jpg,1
private_0861.jpg,1
private_0862.jpg,1
private_0863.jpg,1
private_0864.jpg,1
private_0865.jpg,3
private_0866.jpg,4
private_0867.jpg,4
private_0868.jpg,1
private_0869.jpg,0
private_0870.jpg,0
private_0871.jpg,2
private_0872.jpg,2
private_0873.jpg,2
private_0874.jpg,4
private_0875.jpg,4
private_0876.jpg,4
private_0877.jpg,3
private_0878.jpg,3
private_0879.jpg,3
private_0880.jpg,0
private_0881.jpg,0
private_0882.jpg,0
private_0883.jpg,7
private_0884.jpg,1
private_0885.jpg,1
private_0886.jpg,5
private_0887.jpg,4
private_0888.jpg,4
private_0889.jpg,0
private_0890.jpg,4
private_0891.jpg,4
private_0892.jpg,7
private_0893.jpg,6
private_0894.jpg,6
private_0895.jpg,0
private_0896.jpg,0
private_0897.jpg,0
private_0898.jpg,4
private_0899.jpg,4
private_0900.jpg,4
